{
  "metrics": [
    {
      "id": "A5",
      "name": "Primary Air Pressure - PSI 1",
      "unit": "PSI",
      "values": [
        { "time": "2025-10-27T08:00:00Z", "avg": 0, "min": 0, "max": 0 },
        { "time": "2025-10-27T09:00:00Z", "avg": 110, "min": 100, "max": 115 },
        { "time": "2025-10-27T12:30:00Z", "avg": 95, "min": 90, "max": 100 },
        { "time": "2025-10-27T13:00:00Z", "avg": 98, "min": 94, "max": 102 },
        { "time": "2025-10-27T15:00:00Z", "avg": 0, "min": 0, "max": 0 }
      ]
    },
    {
      "id": "A6",
      "name": "Secondary Air Pressure - PSI 2",
      "unit": "PSI",
      "values": [
        { "time": "2025-10-27T08:00:00Z", "avg": 0, "min": 0, "max": 0 },
        { "time": "2025-10-27T09:10:00Z", "avg": 80, "min": 75, "max": 85 },
        { "time": "2025-10-27T12:40:00Z", "avg": 90, "min": 85, "max": 95 },
        { "time": "2025-10-27T13:20:00Z", "avg": 85, "min": 80, "max": 90 },
        { "time": "2025-10-27T15:00:00Z", "avg": 0, "min": 0, "max": 0 }
      ]
    },
    {
      "id": "A9",
      "name": "EWP Jib Tilt Angle - Degree",
      "unit": "°",
      "values": [
        { "time": "2025-10-27T08:00:00Z", "avg": 0, "min": 0, "max": 0 },
        { "time": "2025-10-27T09:00:00Z", "avg": -100, "min": -110, "max": -90 },
        { "time": "2025-10-27T13:10:00Z", "avg": -40, "min": -50, "max": -30 },
        { "time": "2025-10-27T15:00:00Z", "avg": 0, "min": 0, "max": 0 }
      ]
    },
    {
      "id": "A14",
      "name": "Engine Speed - rpm",
      "unit": "rpm",
      "values": [
        { "time": "2025-10-27T08:00:00Z", "avg": 0, "min": 0, "max": 0 },
        { "time": "2025-10-27T09:05:00Z", "avg": 900, "min": 850, "max": 950 },
        { "time": "2025-10-27T13:05:00Z", "avg": 600, "min": 550, "max": 650 },
        { "time": "2025-10-27T15:00:00Z", "avg": 0, "min": 0, "max": 0 }
      ]
    },
    {
      "id": "A15",
      "name": "Hydraulic Brake Pressures - PSI",
      "unit": "PSI",
      "values": [
        { "time": "2025-10-27T08:00:00Z", "avg": 0, "min": -0.2, "max": 0.2 },
        { "time": "2025-10-27T09:05:00Z", "avg": 0.4, "min": 0.3, "max": 0.6 },
        { "time": "2025-10-27T13:05:00Z", "avg": 0.6, "min": 0.5, "max": 0.7 },
        { "time": "2025-10-27T15:00:00Z", "avg": 0, "min": -0.2, "max": 0.2 }
      ]
    }
  ]
}


